index,mc,tech,node,eta,g_max,h_max,heatarea
Ostkraft_OKR6_Kuldel,148.51314469757358,st,BOH,0.2861676073707224,22.0,0.0,
Kyndbyvaerket_KYV22,387.43997338229144,st,KYV,0.2501923218010125,260.0,0.0,
Kyndbyvaerket_KYV41_diesel,339.28060186592677,ccgt,KYV,0.3413175041157512,18.0,0.0,
Kyndbyvaerket_KYV51+52,383.63241426377664,gt,KYV,0.25,126.0,0.0,
Masnedo_GT,399.0374319538852,gt,MAV,0.24,70.0,0.0,
Ostkraft_Diesel,277.87930331872406,ccgt,BOH,0.3707202706336967,19.6,0.0,
Ostkraft_OKR5,210.42821514522032,st,BOH,0.2818232143724604,27.5,0.0,
Ostkraft_OKR7,321.9215274917638,ccgt,BOH,0.364695200916872,15.0,0.0,
Nodstromsanlaeg_DK_East,376.57707064582416,ccgt,EBY,0.3,7.869999999999999,0.0,
Nordjyllandsvaerket_Gasturbine,399.1374319538852,gt,NVV,0.24,24.0,0.0,
Studstrupvaerket_SSV5,370.4281133865409,gt,MKS,0.2592592592592592,14.0,0.0,
Gasturbine_Esbjerg,322.0123435033425,gt,LYK,0.3,25.0,0.0,
Forbraendingsmotor_Anholt,318.3268475051012,ccgt,ASP,0.3699421965317919,1.4,0.0,
Forbraendingsmotor_OstermoseBioenergi,301.15747362052116,ccgt,HER,0.399209486166008,22.4,0.0,
Tangevaerket,67.573568,ror,TAN,1.0,3.9,0.0,
Vandkraft_Ovrig,67.67356799999999,ror,KAE,1.0,4.7,0.0,
Nordforbraending_KV,342.35959221228615,st,STA,0.06060620054109715,1.620638714525172,20.8,Helsingor
Forbraendingsmotor_Naturgas_Helsingor,168.53593460782977,ccgt,TEG,0.3956542303370392,1.0,1.370558375634518,Helsingor
Kedel_Naturgas_Helsingor,59.01898726058763,boiler,STA,0.9950387975953128,0.0,122.55,Helsingor
Kedel_Olie_Helsingor,115.29815051326088,boiler,STA,0.9,0.0,32.0,Helsingor
Kedel_BiomasseAffald_Helsingor,163.28012358756655,boiler,STA,0.9373275572628342,0.0,21.0,Helsingor
Kedel_Biomasse_Helsingor,82.59088393945441,boiler,STA,0.9618937173293551,0.0,5.0,Helsingor
Overskudsvarme_Helsingor,9.773568000000001,iheat,STA,1.0,0.0,11.6,Helsingor
Hillerod_KV_Levetidsforlaenget,146.92803324797984,gt,ALL,0.3906879339978944,68.70581950700559,78.0,Hillerod
Hillerod_KV_2,445.5720081322501,st,ALL,0.14,4.2,25.0,Hillerod
Flisforgasser_Gasmotor_Hillerod,318.3257209068401,ccgt,ALL,0.21,0.6,2.142857142857143,Hillerod
Kedel_Naturgas_Hillerod,62.29025220089243,boiler,ALL,0.9346390744771407,0.0,108.3,Hillerod
Kedel_Olie_Hillerod,115.39815051326087,boiler,ALL,0.9,0.0,103.9,Hillerod
Kedel_Biomasse_Hillerod,72.64841581177552,boiler,ALL,0.9629703062031163,0.0,17.6,Hillerod
Overskudsvarme_Hillerod,9.873568,iheat,ALL,1.0,0.0,0.29,Hillerod
DTU_KV,151.09255648797168,gt,GLN,0.3784627962083257,25.52230313948813,31.0,DTU
Kedel_Naturgas_DTU,65.61854113270205,boiler,GLN,0.8802742214147438,0.0,36.97,DTU
Amagervaerket_AMV1,600.6283710619961,st,AMV,0.106,21.014,158.0,KBH
Amagervaerket_AMV3,117.2054387679238,st,AMV,0.3764811043875372,250.0,332.0,KBH
Avedorevaerket_AVV1_Ombygget,156.27820283469018,st,AVV,0.377680887492892,250.0,331.0,KBH
AVV2_biomasse,148.62703523363209,st,AVV,0.4006673396961308,420.0,470.0,KBH
AVV2_gas,123.65218804206465,st,AVV,0.5,100.0,50.0,KBH
HCOrstedsvaerket_HCV7,268.3550231699182,st,HCV,0.2052188874171975,82.0,247.425755515647,KBH
HCOrstedsvaerket_HCV8,229.61601082642593,gt,HCV,0.2380257242998843,23.2,64.6668131149472,KBH
Koge_KV_Blok7,791.711197061763,st,JER,0.07638674807968031,2.178,22.0,KBH
Koge_KV_Blok8_Levetidsforlaenget,547.3052522443145,st,JER,0.1124714166359208,7.182,38.0,KBH
ARC_KV_AmagerBakke,152.3862280295844,st,AMV,0.22883,39.15000000000001,123.375,KBH
KARA_Forbraending_KV_Anlaeg5,169.9685429875155,st,NYA,0.1820599237932743,11.025,45.0,KBH
KARA_Forbraending_KV_Anlaeg6,173.5732869630819,st,NYA,0.1747377468818246,12.5874,51.8,KBH
Vestforbraending_KV_Anlaeg5,183.35539986583308,st,EBY,0.1575434486425983,14.49,69.0,KBH
Vestforbraending_KV_Anlaeg6,180.9715212650188,st,EBY,0.161414160288955,17.301,73.0,KBH
Lynetten,184.96471833887637,boiler,AMV,0.594,0.0,6.7,KBH
Forbraendingsmotor_Biogas_KBH,154.31433925285987,ccgt,AMV,0.2824825957703406,6.694,3.291691537305959,KBH
Kedel_Naturgas_KBH,62.189879514389425,boiler,AMV,0.9363830818666086,0.0,683.4700000000001,KBH
Kedel_Olie_KBH,98.96635125179138,boiler,AMV,0.8695844744239951,0.0,1295.89,KBH
Kedel_Biomasse_KBH,66.51976949473871,boiler,AMV,0.9219576203593579,0.0,45.0,KBH
Geotermi_KBH,17.982158916063646,geo,AMV,2.076923076923077,0.0,27.0,KBH
Overskudsvarme_KBH,9.973568,iheat,AMV,1.0,0.0,126.92,KBH
Asnaesvaerket_ASV2,121.74697589373874,st,ASV,0.36,142.0,100.0,Kalundborg
Kedel_Olie_Kalundborg,134.0869391569984,boiler,ASV,0.7608110793347569,0.0,54.7,Kalundborg
Elpatron_Asnaesvaerket,13.86532967681521,elheat,ASV,1.0,0.0,90.0,Kalundborg
Varmepumpe_Kalundborg,2.171904,heatpump,ASV,4.5,0.0,10.0,Kalundborg
Slagelse_Forbraending_KV_Levetidsforlaenget,290.5260774222568,st,HEJ,0.1464461699389029,5.8448,28.1,Slagelse
Kedel_Naturgas_Slagelse,66.62491001545301,boiler,HEJ,0.8650597603020277,0.0,49.3,Slagelse
Kedel_Olie_Slagelse,115.49815051326088,boiler,HEJ,0.9,0.0,35.2,Slagelse
Kedel_Biomasse_Slagelse,80.28563023625836,boiler,HEJ,1.0,0.0,14.0,Slagelse
Naestved_Forbraending_KV,219.3096013983124,st,OSH,0.1156985431204035,4.104263716356108,23.8,Naestved
Kedel_Naturgas_Naestved,59.34933916757555,boiler,OSH,0.9885872025858076,0.0,103.6,Naestved
Kedel_Olie_Naestved,115.59815051326088,boiler,OSH,0.9,0.0,20.6,Naestved
Overskudsvarme_Naestved,10.073568000000002,iheat,OSH,1.0,0.0,49.0,Naestved
MasnedoKV,283.9459803392089,st,MAV,0.222029429475075,7.922226136616481,22.5,Vordingborg
Kedel_Naturgas_Vordingborg,56.9412843114439,boiler,MAV,1.03762809478612,0.0,20.3,Vordingborg
Kedel_Olie_Vordingborg,115.69815051326088,boiler,MAV,0.9,0.0,19.8,Vordingborg
Kedel_Biomasse_Vordingborg,86.74432493511443,boiler,MAV,0.9000956937799043,0.0,6.0,Vordingborg
Elpatron_Masnedo,13.965329676815209,elheat,MAV,1.0,0.0,10.0,Vordingborg
NykobingFalster_Forbraending_Kedel,166.491389656572,boiler,IDE,0.7862228358486728,0.0,8.5,Nykobing_F
NykobingFalster_Forbraending_KV,189.05549221389833,st,IDE,0.149,5.7078,18.9,Nykobing_F
Kedel_Biomasse_NykobingFalster,89.52463454468574,boiler,IDE,0.8629819860575596,0.0,70.5,Nykobing_F
Overskudsvarme_NykobingFalster,10.173568000000001,iheat,IDE,1.0,0.0,99.5,Nykobing_F
Ostkraft_OKR6_Biomassedel,243.29207697766415,st,BOH,0.2727272727272727,15.0,40.0,Ronne
Kedel_Olie_Ronne,112.25366880695117,boiler,BOH,0.9274950182387761,0.0,37.91,Ronne
Kedel_Affald_Ronne,164.31155914786515,boiler,BOH,0.8828302083723093,0.0,7.0,Ronne
Kedel_Naturgas_NG_DK_East,59.328072942202446,boiler,HKS,0.989,0.0,164.3,NG_DK_East
Kedel_Olie_NG_DK_East,113.90399641230606,boiler,HKS,0.912385634995058,0.0,20.21,NG_DK_East
Kedel_Biomasse_NG_DK_East,73.9127311319179,boiler,HKS,0.942,0.0,6.1,NG_DK_East
Elpatron_NG_DK_East,14.065329676815209,elheat,HKS,1.0,0.0,23.8,NG_DK_East
Varmepumpe_Hundested,2.4433920000000002,heatpump,HKS,4.0,0.0,0.8,NG_DK_East
Overskudsvarme_NG_DK_East,10.273568000000001,iheat,HKS,1.0,0.0,5.2,NG_DK_East
MariboSakskobing_KV,242.80296679700996,st,RAD,0.27,11.025,24.5,BIO_DK_East
Haslev_KV,349.5749695795314,st,HASO,0.173,3.3672,13.8,BIO_DK_East
Kedel_Naturgas_BIO_DK_East,59.42807294220245,boiler,HASO,0.989,0.0,74.0,BIO_DK_East
Kedel_Olie_BIO_DK_East,112.30688494236601,boiler,HASO,0.927,0.0,202.1,BIO_DK_East
Kedel_Affald_BIO_DK_East,165.6708511371369,boiler,HASO,0.82,0.0,3.3,BIO_DK_East
Kedel_Biomasse_BIO_DK_East,79.24575013823298,boiler,HASO,0.948,0.0,333.4,BIO_DK_East
Overskudsvarme_BIO_DK_East,10.373568,iheat,HASO,1.0,0.0,6.8,BIO_DK_East
Kedel_Naturgas_OVR_DK_East,60.703113439043285,boiler,HKS,0.963,0.0,33.8,OVR_DK_East
Kedel_Olie_OVR_DK_East,104.86406329147185,boiler,HKS,0.814,0.0,44.2,OVR_DK_East
Kedel_Biomasse_OVR_DK_East,80.99239279311816,boiler,HKS,0.988,0.0,27.3,OVR_DK_East
Elpatron_OVR_DK_East,14.16532967681521,elheat,HKS,1.0,0.0,9.8,OVR_DK_East
Overskudsvarme_OVR_DK_East,10.473568,iheat,HKS,1.0,0.0,25.3,OVR_DK_East
Hjorring_KV,159.88871285953547,gt,BDK,0.355,40.729,48.2,Hjorring
AVV_Forbraending_Kedel,168.51155669616963,boiler,BDK,0.713830477320872,0.0,7.0,Hjorring
AVV_Forbraending_KV,157.1291907617309,st,BDK,0.214,4.019200000000001,12.8,Hjorring
Kedel_Naturgas_Hjorring,57.443636123185385,boiler,BDK,1.027,0.0,42.81,Hjorring
Kedel_Olie_Hjorring,115.79815051326088,boiler,BDK,0.9,0.0,16.58,Hjorring
Kedel_Biomasse_Hjorring,69.63115338503557,boiler,BDK,1.017,0.0,18.0,Hjorring
Frederikshavn_KV_Levetidsforlaenget,187.59688715559545,gt,SBA,0.297,16.523,31.0,Frederikshavn
AVO_Forbraending_KV,204.39197182642144,st,SBA,0.1300279839301441,1.577064866669139,9.2,Frederikshavn
Forbraendingsmotor_Biogas_Frederikshavn,210.24780276495528,ccgt,SBA,0.189,0.34,0.6137184115523465,Frederikshavn
Kedel_Naturgas_Frederikshavn,56.23264975930762,boiler,SBA,1.053,0.0,33.0,Frederikshavn
Kedel_Olie_Frederikshavn,115.89815051326087,boiler,SBA,0.9,0.0,37.5,Frederikshavn
Varmepumpe_Eksisterende_Frederikshavn,3.665088,heatpump,SBA,2.666666666666667,0.0,0.8,Frederikshavn
Bronderslev_KV,164.3819084866962,ccgt,NSP,0.409,22.6674,29.4,Bronderslev
Kedel_Naturgas_Bronderslev,57.587322493508765,boiler,NSP,1.024,0.0,60.90000000000001,Bronderslev
Elpatron_Bronderslev,14.26532967681521,elheat,NSP,1.0,0.0,20.0,Bronderslev
Nordjyllandsvaerket_NEV3,109.54189065659146,st,NVV,0.408,385.0,422.0,Alborg
RenoNord_Forbraending_KV_Anlaeg3_Levetidsforlaenget,173.438969903581,st,ABO,0.175,5.054,19.0,Alborg
RenoNord_Forbraending_KV_Anlaeg4,172.93047737206064,st,ABO,0.176,10.741,46.7,Alborg
Kedel_Naturgas_Alborg,62.658190145777525,boiler,NVV,0.9283012134736286,0.0,293.3,Alborg
Kedel_Olie_Alborg,115.99815051326088,boiler,NVV,0.9,0.0,221.2,Alborg
Kedel_Bioolie_Alborg,113.91159537833023,boiler,NVV,0.89,0.0,23.2,Alborg
Elpatron_Nordjyllandsvaerket,14.36532967681521,elheat,NVV,1.0,0.0,25.0,Alborg
Overskudsvarme_Alborg,10.573568000000002,iheat,NVV,1.0,0.0,102.0,Alborg
Thisted_Forbraending_KV_Levetidsforlaenget,215.5541160436223,st,NOR,0.119,1.988,14.2,Thisted
Forbraendingsmotor_Naturgas_Thisted,213.7270526332625,ccgt,NOR,0.292,0.63,0.9905660377358491,Thisted
Kedel_Naturgas_Thisted,57.82867987381972,boiler,NOR,1.019,0.0,56.0,Thisted
Geotermi_Thisted,30.24451334124667,geo,NOR,1.7,0.0,17.0,Thisted
Forbraendingsmotor_Biogas_HolstebroStruer,115.69234656339569,ccgt,IDU,0.429,3.0,3.712871287128713,Holstebro_Struer
Kedel_Naturgas_HolstebroStruer,61.99207509310057,boiler,IDU,0.9398391186090903,0.0,108.8,Holstebro_Struer
Kedel_Olie_HolstebroStruer,109.51845685243151,boiler,IDU,0.9536700528681374,0.0,80.0,Holstebro_Struer
Elpatron_HolstebroStruer,14.465329676815209,elheat,IDU,1.0,0.0,0.9,Holstebro_Struer
Overskudsvarme_HolstebroStruer,10.673568000000001,iheat,IDU,1.0,0.0,0.56,Holstebro_Struer
Viborg_KV,139.61381147847501,gt,LOL,0.4141858106502784,48.88464359647264,56.0,Viborg
Kedel_Naturgas_Viborg,57.15390885942206,boiler,LOL,1.033102934147287,0.0,57.0,Viborg
Kedel_Olie_Viborg,116.09815051326088,boiler,LOL,0.9,0.0,56.58000000000001,Viborg
Overskudsvarme_Viborg,10.773568000000001,iheat,LOL,1.0,0.0,0.5,Viborg
Randers_KV,283.7167870406506,st,MLU,0.2292858949796298,33.04,112.0,Randers
Kedel_Naturgas_Randers,60.47198073914468,boiler,MLU,0.9672743752112591,0.0,22.0,Randers
Kedel_Olie_Randers,117.5138338433931,boiler,MLU,0.880993187173993,0.0,51.4,Randers
Kedel_OlieBioolie_Randers,118.8790954056993,boiler,MLU,0.8484020435364303,0.0,69.6,Randers
Grena_KV_Levetidsforlaenget,190.33737490866392,st,ASP,0.1472047657368735,9.142302817790531,42.0,Grena
Grena_Forbraending_Kedel,166.58782746472727,boiler,ASP,0.7824348714590331,0.0,6.5,Grena
Kedel_Olie_Grena,96.04722413238969,boiler,ASP,0.9000033146147226,0.0,101.9,Grena
Herningvaerket_KV,287.48031575839366,st,HER,0.214,57.575,175.0,Herning
Forbraendingsmotor_Naturgas_Herning,175.13618113941965,ccgt,HER,0.3761524121773064,10.5,9.7,Herning
Forbraendingsmotor_Biogas_Herning,127.28900294729755,ccgt,HER,0.3711912749233888,3.14,4.029999999999999,Herning
Kedel_Naturgas_Herning,56.39615627082752,boiler,HER,1.049412886674687,0.0,139.2,Herning
Kedel_Olie_Herning,112.32931500151311,boiler,HER,0.926791513110788,0.0,167.2,Herning
Kedel_Biomasse_Herning,70.90659357410506,boiler,HER,0.8390980350742443,0.0,9.45,Herning
Silkeborg_KV_Ombygget,122.50408607912746,gt,BJH,0.482,105.0,116.1504424778761,Silkeborg
Kedel_Naturgas_Silkeborg,57.23778012029325,boiler,BJH,1.031328788834178,0.0,80.033,Silkeborg
Kedel_Olie_Silkeborg,117.28873335467075,boiler,BJH,0.8828874528110073,0.0,98.94,Silkeborg
Elpatron_Silkeborg,14.565329676815209,elheat,BJH,1.0,0.0,30.0,Silkeborg
Studstrupvaerket_SSV3_Ombygget,152.63099473847768,st,MKS,0.3883,357.0,501.0,Arhus
Lisbjerg_KV,182.58555835427097,st,MLP,0.3154545454545455,34.7,78.0,Arhus
Arhus_Affaldskedler,163.30382211298635,boiler,MKS,0.936,0.0,10.0,Arhus
Arhus_Forbraending_KV_Ovn1,183.5513838323978,st,MLP,0.1572334708384702,3.401052968878801,18.0,Arhus
Arhus_Forbraending_KV_Ovn2,183.5947733062436,st,MLP,0.1571650087803057,3.401053607424474,18.0,Arhus
Arhus_Forbraending_KV_Ovn4,170.92833471027186,st,MLP,0.1800510542684506,8.158701918739608,35.5,Arhus
Forbraendingsmotor_Biogas_Arhus,125.19230723302894,ccgt,MLP,0.3804606064120446,7.3,6.562208459612597,Arhus
Kedel_Olie_Arhus,112.86619113188165,boiler,MKS,0.9218290978395839,0.0,723.3799999999999,Arhus
Kedel_Biomasse_Arhus,75.66599378182468,boiler,MKS,1.086234739575585,0.0,32.0,Arhus
Elpatron_Studstrupvaerket,14.66532967681521,elheat,MKS,1.0,0.0,80.0,Arhus
Overskudsvarme_Arhus,10.873568,iheat,MKS,1.0,0.0,1.541,Arhus
Horsens_KV_Levetidsforlaenget,206.30029975308585,st,HAT,0.128,8.76,60.0,Horsens
Kedel_Naturgas_Horsens,58.5818409330175,boiler,HAT,1.003706598123632,0.0,102.3,Horsens
Kedel_Olie_Horsens,116.19815051326088,boiler,HAT,0.9,0.0,30.0,Horsens
Kedel_Biomasse_Horsens,98.83170408904317,boiler,HAT,0.8048120300751879,0.0,0.8,Horsens
Overskudsvarme_Horsens,10.973568,iheat,HAT,1.0,0.0,1.3,Horsens
Esbjergvaerket_ESV3,108.0508994429177,st,LYK,0.4147556211190636,371.0,460.0,Esbjerg
L90_Esbjerg_Forbraending_KV,168.4112919892318,st,LYK,0.1854164177193473,15.21551049838608,57.0,Esbjerg
Forbraendingsmotor_Biogas_Esbjerg,130.99620338783322,ccgt,LYK,0.3558616825682364,0.7,0.9,Esbjerg
Kedel_Olie_Esbjerg,116.0596228508206,boiler,LYK,0.8933760432059418,0.0,116.82,Esbjerg
Kedel_Bioolie_Esbjerg,110.43441411425304,boiler,LYK,0.9216312937628428,0.0,209.9,Esbjerg
Elpatron_Esbjerg,14.76532967681521,elheat,LYK,1.0,0.0,30.0,Esbjerg
Overskudsvarme_Esbjerg,11.073568000000002,iheat,LYK,1.0,0.0,20.28,Esbjerg
Skaerbaekvaerket_SKV3_Naturgasdel,129.62819023327904,st,SVS,0.472,300.0,246.0,TVIS
Skaerbaekvaerket_SKV3_Biomassedel,223.89537125051206,st,SVS,0.3,92.0,201.0,TVIS
TAS_Forbraending_Kedel,166.74194094749996,boiler,BDR,0.776456667041632,0.0,28.0,TVIS
TAS_Forbraending_KV,165.93548526990557,st,BDR,0.1910152528107488,5.016923537546871,18.0,TVIS
Forbraendingsmotor_Biogas_TVIS,129.29417484146182,ccgt,BDR,0.3627394648923671,0.47,0.2672754445513957,TVIS
Kedel_Naturgas_TVIS,64.21534902681054,boiler,BDR,0.902403704338501,0.0,187.5,TVIS
Kedel_Olie_TVIS,116.29815051326088,boiler,BDR,0.9,0.0,409.29,TVIS
Kedel_Biomasse_TVIS,89.71290006854622,boiler,BDR,0.9133480664366967,0.0,0.9,TVIS
Overskudsvarme_TVIS,11.173568000000001,iheat,BDR,1.0,0.0,70.0,TVIS
Sonderborg_KV_Affaldsdel,211.535857583284,st,SON,0.1227476828969609,5.011639437877432,30.0,Sonderborg
Sonderborg_KV_Gasturbinedel,118.7420740298864,gt,SON,0.5,52.98836056212257,30.0,Sonderborg
Kedel_Naturgas_Sonderborg,58.76784916265448,boiler,SON,1.000000010908088,0.0,100.0,Sonderborg
Kedel_Olie_Sonderborg,116.39815051326087,boiler,SON,0.9,0.0,24.0,Sonderborg
Kedel_Bioolie_Sonderborg,102.76710347042635,boiler,SON,1.0,0.0,5.0,Sonderborg
Geotermi_Sonderborg,35.80930288089615,geo,SON,1.625,0.0,32.5,Sonderborg
Fynsvaerket_FYV7,116.64470171775662,st,FVO,0.3786212591933332,374.0,450.0,Odense
Fynsvaerket_FYV8,391.54253881918766,st,FVO,0.1515935297365553,16.95942216201184,88.0,Odense
Odense_KV_Affaldslinje11+12,178.42629140149074,st,FVO,0.1657624606057117,7.402098095395261,29.0,Odense
Odense_KV_Affaldslinje13,178.42614297873524,st,FVO,0.1657627210040731,9.188810672936407,36.0,Odense
DalumPapir_KV,630.4301329019929,st,OSO,0.09690248280316628,5.706112297728646,49.0,Odense
Forbraendingsmotor_Naturgas_Odense,174.36032597677038,ccgt,OSO,0.3783445470192458,3.7,4.85487630648921,Odense
Forbraendingsmotor_Biogas_Odense,120.52334500714596,ccgt,OSO,0.4028629217017418,2.2,2.573267556112783,Odense
Forbraendingsmotor_Olie_Odense,332.56273438837115,ccgt,OSO,0.35,16.0,10.4,Odense
Kedel_Naturgas_Odense,63.06543550682745,boiler,FVO,0.9213857414041179,0.0,199.32,Odense
Kedel_Olie_Odense,112.09148182289104,boiler,FVO,0.9290069531539131,0.0,592.4999999999997,Odense
Kedel_Biogas_Odense,44.26606122486652,boiler,FVO,0.890625,0.0,1.4,Odense
Elpatron_Odense,14.86532967681521,elheat,FVO,1.0,0.0,16.0,Odense
Overskudsvarme_Odense,11.273568000000001,iheat,FVO,1.0,0.0,6.91,Odense
Svendborg_KV,354.01929870509025,st,SVB,0.05798970337398118,1.032363910577361,13.8,Svendborg
Forbraendingsmotor_Naturgas_Svendborg,162.79175179495977,ccgt,SVB,0.4143501506436897,17.2932781201849,20.1,Svendborg
Kedel_Naturgas_Svendborg,56.95621956623169,boiler,SVB,1.037308942646504,0.0,30.0,Svendborg
Kedel_Bioolie_Svendborg,121.28753673282864,boiler,SVB,0.8296023759918436,0.0,48.95,Svendborg
Logumkloster_KV,165.9725770476827,ccgt,BBR,0.4037845950864019,8.702290076335878,7.5,NG_DK_West
Kedel_Naturgas_NG_DK_West,57.73162506054212,boiler,BBR,1.021004722633534,0.0,903.9499999999998,NG_DK_West
Kedel_Andet_NG_DK_West,176.63286611436524,boiler,BBR,0.5634785255586497,0.0,149.764,NG_DK_West
Kedel_Affald_NG_DK_West,75.821457574337,boiler,BBR,0.9120164642762066,0.0,4.6,NG_DK_West
Kedel_Biomasse_NG_DK_West,75.13379836338305,boiler,BBR,0.9225961595448691,0.0,11.42,NG_DK_West
Bioforgasn. m. KE,83.52078114604637,boiler,BBR,0.8370443349753696,0.0,1.0,NG_DK_West
Elpatron_NG_DK_West,14.965329676815209,elheat,BBR,1.0,0.0,166.4,NG_DK_West
Varmepumpe_Eksisterende_NG_DK_West,3.2578560000000003,heatpump,BBR,3.0,0.0,8.698,NG_DK_West
Overskudsvarme_NG_DK_West,11.373568,iheat,BBR,1.0,0.0,50.74999999999999,NG_DK_West
Skive_KV,265.8805881697242,ccgt,BIL,0.2749077557191454,5.312027191649997,11.1,BIO_DK_West
Kedel_Naturgas_BIO_DK_West,58.57553847564059,boiler,BIL,1.003832668573298,0.0,288.2500000000001,BIO_DK_West
Kedel_Andet_BIO_DK_West,114.40972475474852,boiler,BIL,0.9078535496815285,0.0,660.9599999999998,BIO_DK_West
Kedel_Biomasse_BIO_DK_West,77.61165968345085,boiler,BIL,0.9759039134595492,0.0,922.0049999999998,BIO_DK_West
Elpatron_BIO_DK_West,15.06532967681521,elheat,BIL,1.0,0.0,38.0,BIO_DK_West
Varmepumpe_BIO_DK_West,3.3578560000000004,heatpump,BIL,3.0,0.0,3.239,BIO_DK_West
Overskudsvarme_BIO_DK_West,11.473568,iheat,BIL,1.0,0.0,52.31,BIO_DK_West
Aars_KV,294.0389450048868,st,MOSV,0.07454530221023174,1.070507027110053,9.4,OVR_DK_West
Kedel_Naturgas_OVR_DK_West,60.92127579588544,boiler,MOSV,0.959,0.0,166.0,OVR_DK_West
Kedel_Andet_OVR_DK_West,100.6053392073294,boiler,MOSV,0.814,0.0,181.3,OVR_DK_West
Kedel_Affald_OVR_DK_West,165.12773808763416,boiler,MOSV,0.844,0.0,42.56,OVR_DK_West
Kedel_Biomasse_OVR_DK_West,78.03420892182793,boiler,MOSV,0.954,0.0,219.3,OVR_DK_West
Elpatron_OVR_DK_West,15.16532967681521,elheat,MOSV,1.0,0.0,47.0,OVR_DK_West
Varmepumpe_Eksisterende_OVR_DK_West,3.4578560000000005,heatpump,MOSV,3.0,0.0,0.5,OVR_DK_West
Overskudsvarme_OVR_DK_West,11.573568000000002,iheat,MOSV,1.0,0.0,194.0,OVR_DK_West
Varmelager_Helsingor,9.973028571428573,storage,STA,0.98,0.0,63.0,Helsingor
Varmelager_Hillerod,10.073028571428573,storage,ALL,0.98,0.0,72.0,Hillerod
Varmelager_DTU,10.173028571428572,storage,GLN,0.98,0.0,25.6,DTU
Varmelager_KBH,10.273028571428574,storage,AMV,0.98,0.0,222.2222222222222,KBH
Varmelager_Kalundborg,10.373028571428573,storage,ASV,0.98,0.0,9.999999999999999e-10,Kalundborg
Varmelager_Slagelse,10.473028571428573,storage,HEJ,0.98,0.0,15.75,Slagelse
Varmelager_Naestved,10.573028571428573,storage,OSH,0.98,0.0,24.75,Naestved
Varmelager_Vordingborg,10.673028571428572,storage,MAV,0.98,0.0,20.25,Vordingborg
Varmelager_NykobingFalster,10.773028571428574,storage,IDE,0.98,0.0,9.999999999999999e-10,Nykobing_F
Varmelager_Ronne,10.873028571428573,storage,BOH,0.98,0.0,9.999999999999999e-10,Ronne
Varmelager_NG_DK_East,10.973028571428573,storage,HKS,0.98,0.0,57.71939359208523,NG_DK_East
Varmelager_BIO_DK_East,11.073028571428573,storage,HASO,0.98,0.0,110.077531412278,BIO_DK_East
Varmelager_OVR_DK_East,11.173028571428574,storage,HKS,0.98,0.0,7.296261187214613,OVR_DK_East
Varmelager_Hjorring,11.273028571428574,storage,BDK,0.98,0.0,83.25,Hjorring
Varmelager_Frederikshavn,11.373028571428573,storage,SBA,0.98,0.0,36.0,Frederikshavn
Varmelager_Bronderslev,11.473028571428573,storage,NSP,0.98,0.0,31.5,Bronderslev
Varmelager_Alborg,11.573028571428573,storage,NVV,0.98,0.0,219.4444444444445,Alborg
Varmelager_Thisted,11.673028571428574,storage,NOR,0.98,0.0,9.999999999999999e-10,Thisted
Varmelager_HolstebroStruer,11.773028571428574,storage,IDU,0.98,0.0,22.5,Holstebro_Struer
Varmelager_Viborg,11.873028571428573,storage,LOL,0.98,0.0,85.5,Viborg
Varmelager_Randers,11.973028571428573,storage,MLU,0.98,0.0,9.999999999999999e-10,Randers
Varmelager_Grena,12.073028571428573,storage,ASP,0.98,0.0,15.3,Grena
Varmelager_Herning,12.173028571428574,storage,HER,0.98,0.0,191.6666666666667,Herning
Varmelager_Silkeborg,12.273028571428574,storage,BJH,0.98,0.0,64.0,Silkeborg
Varmelager_Arhus,12.373028571428573,storage,MKS,0.98,0.0,139.5666666666667,Arhus
Varmelager_Horsens,12.473028571428573,storage,HAT,0.98,0.0,36.0,Horsens
Varmelager_Esbjerg,12.573028571428573,storage,LYK,0.98,0.0,256.9444444444445,Esbjerg
Varmelager_TVIS,12.673028571428574,storage,BDR,0.98,0.0,186.1111111111111,TVIS
Varmelager_Sonderborg,12.773028571428574,storage,SON,0.98,0.0,54.0,Sonderborg
Varmelager_Odense,12.873028571428573,storage,FVO,0.98,0.0,406.9444444444445,Odense
Varmelager_Svendborg,12.973028571428573,storage,SVB,0.98,0.0,9.999999999999999e-10,Svendborg
Varmelager_NG_DK_West,13.073028571428573,storage,BBR,0.98,0.0,264.0695763131679,NG_DK_West
Varmelager_BIO_DK_West,13.173028571428574,storage,BIL,0.98,0.0,293.2358951698153,BIO_DK_West
Varmelager_OVR_DK_West,13.273028571428574,storage,MOSV,0.98,0.0,102.2692331286555,OVR_DK_West
Solvarme_Hillerod,14.438176311569336,pvheat,ALL,1.0,0.0,3.91,Hillerod
Solvarme_Eksisterende_NG_DK_East,14.538176311569336,pvheat,HKS,1.0,0.0,44.8,NG_DK_East
Solvarme_Eksisterende_BIO_DK_East,14.638176311569335,pvheat,HASO,1.0,0.0,26.0,BIO_DK_East
Middelgrunden,148.8934650117171,wind_off,AMV,1.0,40.0,0.0,
Nysted,148.9934650117171,wind_off,RAD,1.0,165.6,0.0,
AvedoreHolme_2009,149.0934650117171,wind_off,AVV,1.0,7.2,0.0,
AvedoreHolme_2011,149.1934650117171,wind_off,AVV,1.0,3.6,0.0,
Rodsand,149.2934650117171,wind_off,RAD,1.0,207.0,0.0,
Solvarme_Grena,14.738176311569337,pvheat,ASP,1.0,0.0,8.5,Grena
Solvarme_Silkeborg,14.838176311569336,pvheat,BJH,1.0,0.0,100.0,Silkeborg
Solvarme_Sonderborg,14.938176311569336,pvheat,SON,1.0,0.0,6.1,Sonderborg
Solvarme_Eksisterende_NG_DK_West,15.038176311569336,pvheat,BBR,1.0,0.0,281.47,NG_DK_West
Solvarme_Eksisterende_BIO_DK_West,15.138176311569335,pvheat,BIL,1.0,0.0,97.9,BIO_DK_West
Solvarme_Eksisterende_OVR_DK_West,15.238176311569337,pvheat,MOSV,1.0,0.0,27.0,OVR_DK_West
TunoKnob,149.3934650117171,wind_off,MAL,1.0,5.0,0.0,
HornsRev1,149.4934650117171,wind_off,KAE,1.0,160.0,0.0,
Ronland,149.5934650117171,wind_off,STR,1.0,17.2,0.0,
Samso,149.6934650117171,wind_off,MAL,1.0,23.0,0.0,
Frederikshavn,149.7934650117171,wind_off,SBA,1.0,7.6,0.0,
HornsRev2,149.8934650117171,wind_off,EDR,1.0,209.3,0.0,
Sprogo,149.9934650117171,wind_off,FGD,1.0,21.0,0.0,
Anholt_2012,150.0934650117171,wind_off,TRI,1.0,50.4,0.0,
Anholt_2013,150.1934650117171,wind_off,TRI,1.0,349.2,0.0,
pv_ABS_150,11.673568000000001,pv,ABS,1.0,12.79313025405573,0.0,
wind_on_ABS_150,11.773568000000001,wind_on,ABS,1.0,18.79511525468569,0.0,
pv_AND_150,11.873568,pv,AND,1.0,10.70300477728931,0.0,
wind_on_AND_150,11.973568,wind_on,AND,1.0,68.20890332237157,0.0,
pv_ASR_150,12.073568000000002,pv,ASR,1.0,6.6096337399565,0.0,
wind_on_ASR_150,12.173568000000001,wind_on,ASR,1.0,102.7991101184773,0.0,
pv_BBR_150,12.273568000000001,pv,BBR,1.0,9.565804260342365,0.0,
wind_on_BBR_150,12.373568,wind_on,BBR,1.0,172.3725690084297,0.0,
pv_BDK_150,12.473568,pv,BDK,1.0,16.41554704824077,0.0,
wind_on_BDK_150,12.573568000000002,wind_on,BDK,1.0,66.30252259858285,0.0,
pv_BED_150,12.673568000000001,pv,BED,1.0,5.243090274193306,0.0,
wind_on_BED_150,12.773568000000001,wind_on,BED,1.0,87.74236638213559,0.0,
pv_BIL_150,12.873568,pv,BIL,1.0,11.75482762442584,0.0,
wind_on_BIL_150,12.973568,wind_on,BIL,1.0,125.2948467781646,0.0,
pv_BJH_150,13.073568000000002,pv,BJH,1.0,22.52117712447772,0.0,
wind_on_BJH_150,13.173568000000001,wind_on,BJH,1.0,18.66298985798746,0.0,
pv_DYB_150,13.273568000000001,pv,DYB,1.0,0.4524265376757224,0.0,
wind_on_DYB_150,13.373568,wind_on,DYB,1.0,0.1998535412242098,0.0,
pv_FGD_150,13.473568,pv,FGD,1.0,13.81891416377208,0.0,
wind_on_FGD_150,13.573568000000002,wind_on,FGD,1.0,48.71985216065737,0.0,
pv_FRD_150,13.673568000000001,pv,FRD,1.0,9.620135504767173,0.0,
wind_on_FRD_150,13.773568000000001,wind_on,FRD,1.0,181.916685899337,0.0,
pv_FVO_150,13.873568000000002,pv,FVO,1.0,56.32447500944561,0.0,
wind_on_FVO_150,13.973568,wind_on,FVO,1.0,40.1738926784199,0.0,
pv_HAT_150,14.073568000000002,pv,HAT,1.0,27.01740056862859,0.0,
wind_on_HAT_150,14.173568000000001,wind_on,HAT,1.0,10.306891239913,0.0,
pv_HER_150,14.273568000000001,pv,HER,1.0,31.97080766402233,0.0,
wind_on_HER_150,14.373568000000002,wind_on,HER,1.0,167.7559522061505,0.0,
pv_HNB_150,14.473568,pv,HNB,1.0,24.1616301819494,0.0,
wind_on_HNB_150,14.573568000000002,wind_on,HNB,1.0,174.3433469843907,0.0,
pv_HVO_150,14.673568000000001,pv,HVO,1.0,51.48448751646863,0.0,
wind_on_HVO_150,14.773568000000001,wind_on,HVO,1.0,148.346842460926,0.0,
pv_HON_150,14.873568000000002,pv,HON,1.0,14.63288133255115,0.0,
wind_on_HON_150,14.973568,wind_on,HON,1.0,12.92941381975513,0.0,
pv_IDU_150,15.073568000000002,pv,IDU,1.0,14.40303763493836,0.0,
wind_on_IDU_150,15.173568000000001,wind_on,IDU,1.0,99.72913766578318,0.0,
pv_KAE_150,15.273568000000001,pv,KAE,1.0,12.54626109736052,0.0,
wind_on_KAE_150,15.373568000000002,wind_on,KAE,1.0,81.20271439429894,0.0,
pv_KIN_150,15.473568,pv,KIN,1.0,19.76705874349656,0.0,
wind_on_KIN_150,15.573568000000002,wind_on,KIN,1.0,49.7796310778713,0.0,
pv_KNA_150,15.673568000000001,pv,KNA,1.0,39.0566535094903,0.0,
wind_on_KNA_150,15.773568000000001,wind_on,KNA,1.0,75.47468984332282,0.0,
pv_LAG_150,15.873568000000002,pv,LAG,1.0,35.21991623038528,0.0,
wind_on_LAG_150,15.973568,wind_on,LAG,1.0,40.98774071018294,0.0,
pv_LOL_150,16.073568,pv,LOL,1.0,23.73248846331288,0.0,
wind_on_LOL_150,16.173568000000003,wind_on,LOL,1.0,69.38803921559439,0.0,
pv_LYK_150,16.273568,pv,LYK,1.0,29.67637667826676,0.0,
wind_on_LYK_150,16.373568000000002,wind_on,LYK,1.0,80.05133593735724,0.0,
pv_MAG_150,16.473568,pv,MAG,1.0,14.01370544562693,0.0,
wind_on_MAG_150,16.573568,wind_on,MAG,1.0,45.25572411277107,0.0,
pv_MAL_150,16.673568000000003,pv,MAL,1.0,0.9434107326851812,0.0,
wind_on_MAL_150,16.773568,wind_on,MAL,1.0,12.61186874869889,0.0,
pv_MES_150,16.873568000000002,pv,MES,1.0,10.44411764947708,0.0,
wind_on_MES_150,16.973568,wind_on,MES,1.0,20.91245249421106,0.0,
pv_MLU_150,17.073568,pv,MLU,1.0,11.8424586638207,0.0,
wind_on_MLU_150,17.173568000000003,wind_on,MLU,1.0,38.95700667185472,0.0,
pv_MOSV150,17.273568,pv,MOSV,1.0,9.382530200807983,0.0,
wind_on_MOSV150,17.373568000000002,wind_on,MOSV,1.0,123.8170408705567,0.0,
pv_NOR_150,17.473568,pv,NOR,1.0,11.0788167490941,0.0,
wind_on_NOR_150,17.573568,wind_on,NOR,1.0,156.1777703845613,0.0,
pv_NSP_150,17.673568000000003,pv,NSP,1.0,8.936863771885577,0.0,
wind_on_NSP_150,17.773568,wind_on,NSP,1.0,73.85920705176048,0.0,
pv_RAM_150,17.873568,pv,RAM,1.0,5.217301711171391,0.0,
wind_on_RAM_150,17.973568,wind_on,RAM,1.0,196.4726854851669,0.0,
pv_SBA_150,18.073568,pv,SBA,1.0,15.15716532253065,0.0,
wind_on_SBA_150,18.173568000000003,wind_on,SBA,1.0,54.95417234940147,0.0,
pv_SHE_150,18.273568,pv,SHE,1.0,14.78410746910684,0.0,
wind_on_SHE_150,18.373568,wind_on,SHE,1.0,96.36937757831397,0.0,
pv_STR_150,18.473568,pv,STR,1.0,5.406584756264278,0.0,
wind_on_STR_150,18.573568,wind_on,STR,1.0,57.11703178442792,0.0,
pv_SVB_150,18.673568000000003,pv,SVB,1.0,19.26731144454762,0.0,
wind_on_SVB_150,18.773568,wind_on,SVB,1.0,98.52779582353543,0.0,
pv_SON_150,18.873568,pv,SON,1.0,18.83341261234395,0.0,
wind_on_SON_150,18.973568,wind_on,SON,1.0,16.25031349643075,0.0,
pv_THO_150,19.073568,pv,THO,1.0,17.78158976520742,0.0,
wind_on_THO_150,19.173568000000003,wind_on,THO,1.0,99.23394500252765,0.0,
pv_TRI_150,19.273568,pv,TRI,1.0,80.99035922951282,0.0,
wind_on_TRI_150,19.373568000000002,wind_on,TRI,1.0,12.91942114269392,0.0,
pv_VID_150,19.473568,pv,VID,1.0,14.32517119707607,0.0,
wind_on_VID_150,19.573568,wind_on,VID,1.0,449.7792769046941,0.0,
pv_ASP_150,19.673568000000003,pv,ASP,1.0,9.48092733932849,0.0,
wind_on_ASP_150,19.773568,wind_on,ASP,1.0,60.01046694237397,0.0,
pv_ALL_132,19.873568000000002,pv,ALL,1.0,10.44855135823234,0.0,
wind_on_ALL_132,19.973568,wind_on,ALL,1.0,4.436780958466137,0.0,
pv_BLA_132,20.073568,pv,BLA,1.0,7.52914097176337,0.0,
wind_on_BLA_132,20.173568000000003,wind_on,BLA,1.0,17.23031798298295,0.0,
pv_BOR_132,20.273568,pv,BOR,1.0,9.540437858964705,0.0,
wind_on_BOR_132,20.373568000000002,wind_on,BOR,1.0,3.258005205663326,0.0,
pv_BRY_132,20.473568,pv,BRY,1.0,11.14467891921302,0.0,
wind_on_BRY_132,20.573568,wind_on,BRY,1.0,2.188375355897812,0.0,
pv_FLA_132,20.673568000000003,pv,FLA,1.0,4.659622225315474,0.0,
wind_on_FLA_132,20.773568,wind_on,FLA,1.0,0.01200604933410271,0.0,
pv_HASO132,20.873568000000002,pv,HASO,1.0,4.69366845176762,0.0,
wind_on_HASO132,20.973568,wind_on,HASO,1.0,12.32311818242606,0.0,
pv_HEJ_132,21.073568,pv,HEJ,1.0,16.5278369884392,0.0,
wind_on_HEJ_132,21.173568000000003,wind_on,HEJ,1.0,48.96721793865308,0.0,
pv_JER_132,21.273568,pv,JER,1.0,12.59132235261366,0.0,
wind_on_JER_132,21.373568000000002,wind_on,JER,1.0,4.322177760276975,0.0,
pv_KAK_132,21.473568,pv,KAK,1.0,122.5422188529533,0.0,
wind_on_KAK_132,21.573568,wind_on,KAK,1.0,12.55177884928919,0.0,
pv_KBA_132,21.673568000000003,pv,KBA,1.0,10.35926031149935,0.0,
wind_on_KBA_132,21.773568,wind_on,KBA,1.0,89.637710057926,0.0,
pv_MAV_132,21.873568000000002,pv,MAV,1.0,9.726086150373579,0.0,
wind_on_MAV_132,21.973568,wind_on,MAV,1.0,20.3338817358485,0.0,
pv_MOSO132,22.073568,pv,MOSO,1.0,10.39373479237228,0.0,
wind_on_MOSO132,22.173568000000003,wind_on,MOSO,1.0,1.387244427604049,0.0,
pv_NAM_132,22.273568,pv,NAM,1.0,7.011167249827882,0.0,
wind_on_NAM_132,22.373568000000002,wind_on,NAM,1.0,5.547886251385824,0.0,
pv_NSV_132,22.473568,pv,NSV,1.0,17.4577914631667,0.0,
wind_on_NSV_132,22.573568,wind_on,NSV,1.0,64.87959914246066,0.0,
pv_NYR_132,22.673568000000003,pv,NYR,1.0,14.77028084555104,0.0,
wind_on_NYR_132,22.773568,wind_on,NYR,1.0,65.31290837751874,0.0,
pv_OST_132,22.873568000000002,pv,OST,1.0,5.791712786651943,0.0,
wind_on_OST_132,22.973568,wind_on,OST,1.0,7.133776222517755,0.0,
pv_RAD_132,23.073568,pv,RAD,1.0,13.05190998216439,0.0,
wind_on_RAD_132,23.173568000000003,wind_on,RAD,1.0,64.70387423857062,0.0,
pv_RIN_132,23.273568,pv,RIN,1.0,7.176687583460017,0.0,
wind_on_RIN_132,23.373568000000002,wind_on,RIN,1.0,9.981392832760843,0.0,
pv_SPR_132,23.473568,pv,SPR,1.0,9.08777293619843,0.0,
wind_on_SPR_132,23.573568,wind_on,SPR,1.0,0.1418896739484865,0.0,
pv_TEG_132,23.673568000000003,pv,TEG,1.0,13.20265553827956,0.0,
wind_on_TEG_132,23.773568,wind_on,TEG,1.0,0.05020711539715678,0.0,
pv_VAL_132,23.873568000000002,pv,VAL,1.0,6.584411719518902,0.0,
wind_on_VAL_132,23.973568,wind_on,VAL,1.0,4.540469566351569,0.0,
pv_VEJ_132,24.073568,pv,VEJ,1.0,10.48837901936504,0.0,
wind_on_VEJ_132,24.173568000000003,wind_on,VEJ,1.0,0.9397462251511302,0.0,
pv_VIN_132,24.273568,pv,NYA,1.0,18.08753958892622,0.0,
wind_on_VIN_132,24.373568000000002,wind_on,NYA,1.0,7.115221419001414,0.0,
pv_VLO_132,24.473568,pv,VLO,1.0,9.280487425550202,0.0,
wind_on_VLO_132,24.573568,wind_on,VLO,1.0,173.7722836847115,0.0,
pv_Bornholm,24.673568000000003,pv,BOH,1.0,8.585644627831867,0.0,
wind_on_Bornholm,24.773568,wind_on,BOH,1.0,40.31413074585615,0.0,
